"id","first_name","last_name","email","gender","date_of_birth","country"
1,"muhammadali","sadulloh","muhammadali@gmail.com","Male","2012-12-30","uzbekistan"
2,"Kirk","Dickings","kdickings1@a8.net","Male","2021-08-13","Brazil"
3,"Ruby","Renachowski","rrenachowski2@mysql.com","Male","2015-01-11","Sweden"
4,"Bale","Shambroke",NULL,"Male","2009-04-11","Bosnia and Herzegovina"
5,"Ricki","Gerb","rgerb4@pen.io","Male","2018-01-06","Indonesia"
6,"Franny","MacFarland","fmacfarland5@shareasale.com","Female","2024-06-16","Jamaica"
7,"Anni","Girkins","agirkins6@alexa.com","Female","2014-12-20","Saint Vincent and the Grenadines"
8,"Blayne","Mirfield","bmirfield7@twitter.com","Male","2008-03-27","Indonesia"
9,"Boothe","Yellop",NULL,"Male","2009-03-25","Thailand"
10,"Leland","Moorerud","lmoorerud9@wix.com","Female","2008-02-02","Zimbabwe"
11,"Renaldo","Gibby","rgibbya@barnesandnoble.com","Male","2002-05-27","Indonesia"
12,"Dian","Dunne","ddunneb@mapquest.com","Male","2004-08-12","Japan"
13,"Solomon","Ginman",NULL,"Male","2007-11-30","Sweden"
14,"Garv","Boakes","gboakesd@mapquest.com","Male","2019-03-12","Indonesia"
15,"Jeddy","Meah",NULL,"Male","2013-11-09","Peru"
16,"Ruthe","Iacobetto","riacobettof@arstechnica.com","Female","2020-12-06","Philippines"
17,"Barney","Primarolo",NULL,"Male","2011-04-14","Philippines"
18,"Ellswerth","Dankov","edankovh@ebay.com","Male","2022-03-17","Denmark"
19,"Wallis","O' Meara","womearai@mlb.com","Female","2005-06-02","China"
20,"Zita","Rottery","zrotteryj@google.cn","Female","2003-05-25","Monaco"
21,"Wells","Dulieu","wdulieuk@posterous.com","Male","2012-02-23","Latvia"
22,"Corabella","Lonsbrough",NULL,"Male","2024-08-05","Peru"
23,"Leupold","Fearick","lfearickm@sbwire.com","Male","2014-07-18","Nigeria"
24,"Lincoln","Creany","lcreanyn@columbia.edu","Male","2010-09-16","Netherlands"
25,"Julissa","Rilston","jrilstono@cpanel.net","Female","2012-07-04","Philippines"
26,"Camellia","Williamson",NULL,"Female","2024-03-15","Czech Republic"
27,"Jeffry","Maffini","jmaffiniq@auda.org.au","Male","2017-02-03","China"
28,"Danika","Robilliard","drobilliardr@woothemes.com","Female","2005-08-03","Costa Rica"
29,"Dagny","Jeanneau","djeanneaus@tiny.cc","Male","2013-04-20","Bosnia and Herzegovina"
30,"Sher","Moohan","smoohant@gnu.org","Female","2023-04-06","Ireland"
31,"Danya","Chatfield","dchatfieldu@msn.com","Male","2008-11-21","Russia"
32,"Garrik","Bernhardt","gbernhardtv@time.com","Male","2023-11-14","Russia"
33,"Sly","Fidgeon","sfidgeonw@usnews.com","Male","2002-10-29","China"
34,"Sigismond","Fogden","sfogdenx@hubpages.com","Male","2019-11-14","Nigeria"
35,"Margret","Mangon","mmangony@php.net","Female","2024-03-17","China"
36,"Eadie","Craze",NULL,"Female","2003-02-14","Ukraine"
37,"Hayden","Schiefersten","hschiefersten10@amazon.com","Male","2008-06-12","China"
38,"Briant","Davenell","bdavenell11@youku.com","Male","2020-11-14","China"
39,"Olav","Donavan",NULL,"Male","2001-07-10","Peru"
40,"Ewart","Hollibone","ehollibone13@tripadvisor.com","Male","2019-04-04","China"
41,"Charisse","Gregol","cgregol14@imgur.com","Male","2001-12-16","Russia"
42,"Lolly","Destouche",NULL,"Female","2000-05-17","Indonesia"
43,"Martino","Brewitt","mbrewitt16@etsy.com","Male","2004-11-08","Nigeria"
44,"Claudio","Rediers","crediers17@quantcast.com","Male","2000-02-12","Albania"
45,"Bibbie","Ledward",NULL,"Female","2020-07-29","Comoros"
46,"Rosa","Jakovijevic","rjakovijevic19@list-manage.com","Female","2009-09-29","Russia"
47,"Cristobal","Newnham","cnewnham1a@ox.ac.uk","Male","2005-09-18","Philippines"
48,"Joanie","Pengilley","jpengilley1b@slashdot.org","Male","2011-11-24","Indonesia"
49,"Mayor","Eccleston","meccleston1c@tmall.com","Male","2006-06-28","Poland"
50,"Freda","Repper","frepper1d@ezinearticles.com","Female","2016-07-07","Bulgaria"
51,"Elva","Syder","esyder1e@springer.com","Female","2011-05-20","Peru"
52,"Alana","Shegog","ashegog1f@zimbio.com","Female","2021-01-13","Russia"
53,"Ronald","Light","rlight1g@google.co.jp","Male","2018-09-12","Chad"
54,"Roze","Grellis","rgrellis1h@domainmarket.com","Female","2007-06-27","Nigeria"
55,"Anatol","Tearney","atearney1i@spotify.com","Male","2017-03-04","China"
56,"Lida","Spondley",NULL,"Female","2012-10-30","Morocco"
57,"Davon","Stilliard","dstilliard1k@vinaora.com","Male","2016-08-25","Indonesia"
58,"Dallas","Silveston","dsilveston1l@home.pl","Male","2000-02-21","France"
59,"Alexander","Abrashkin",NULL,"Male","2024-08-05","Philippines"
60,"Sergei","Lewsam","slewsam1n@nasa.gov","Male","2016-10-03","Albania"
61,"Hanson","Etherton","hetherton1o@cbsnews.com","Male","2024-05-01","China"
62,"Feliks","Pressey","fpressey1p@diigo.com","Male","2011-03-04","Argentina"
63,"Jarrett","Kornousek","jkornousek1r@stanford.edu","Male","2013-11-09","China"
64,"Yetta","McKerton","ymckerton1s@pen.io","Female","2017-08-25","France"
65,"Petronilla","Ingerfield",NULL,"Female","2015-07-03","China"
66,"Elwira","Mallindine",NULL,"Female","2016-10-23","China"
67,"Konstanze","Brecon","kbrecon1v@w3.org","Female","2009-09-16","China"
68,"Rhody","Helsby","rhelsby1w@hhs.gov","Female","2020-12-04","Bangladesh"
69,"Carr","Arkle","carkle1x@biglobe.ne.jp","Male","2000-07-05","United States"
70,"Susy","Yuranovev","syuranovev1y@cisco.com","Male","2022-05-13","Myanmar"
71,"Staford","Wing","swing1z@lycos.com","Male","2016-08-31","Bangladesh"
72,"Gorden","Hayzer","ghayzer20@phoca.cz","Male","2009-10-05","Poland"
73,"Carin","Muscroft",NULL,"Female","2004-08-23","United States"
74,"Heida","Aisthorpe",NULL,"Female","2021-04-18","China"
75,"Waylon","Gavriel","wgavriel23@mashable.com","Male","2017-10-21","Japan"
76,"Krissy","Baythrop","kbaythrop24@yandex.ru","Female","2016-03-14","Mexico"
77,"Maureen","Cowlin","mcowlin25@chron.com","Female","2023-03-07","Mexico"
78,"Karla","Dunbabin","kdunbabin26@mit.edu","Female","2007-08-15","Philippines"
79,"Cathlene","Cusiter","ccusiter27@google.co.jp","Female","2009-01-12","Indonesia"
80,"Ave","Collete","acollete28@patch.com","Male","2008-09-20","Armenia"
81,"Otha","Angus",NULL,"Male","2013-07-03","China"
82,"Mannie","Pointon",NULL,"Male","2015-12-02","Bosnia and Herzegovina"
83,"Niven","Lindborg","nlindborg2b@mtv.com","Male","2016-09-19","China"
84,"Vinnie","Denford","vdenford2c@biblegateway.com","Male","2023-03-11","France"
85,"Hi","Gradwell","hgradwell2d@google.es","Male","2010-05-30","United States"
86,"Wylie","Loxly",NULL,"Male","2006-10-06","China"
87,"Meir","Paris","mparis2f@1und1.de","Male","2018-12-04","Cambodia"
88,"Mitzi","Cherry","mcherry2g@people.com.cn","Female","2001-05-19","Niue"
89,"Wayne","Simeone","wsimeone2h@mail.ru","Male","2015-09-22","Indonesia"
90,"Emerson","Muggleton","emuggleton2i@army.mil","Male","2005-09-29","United States"
91,"Adair","La Vigne","alavigne2j@netvibes.com","Male","2012-07-05","Indonesia"
92,"Fawnia","Sime","fsime2k@twitpic.com","Female","2018-08-05","Chile"
93,"Toiboid","McMonnies",NULL,"Male","2015-04-21","Israel"
94,"Catherin","Manifould","cmanifould2m@cpanel.net","Female","2020-10-27","Brazil"
95,"Giraldo","Smorthwaite","gsmorthwaite2n@nps.gov","Male","2014-10-10","Sierra Leone"
96,"Bibi","Izhaky","bizhaky2o@washington.edu","Female","2012-01-15","South Korea"
97,"Annadiana","Ossipenko","aossipenko2p@opensource.org","Female","2024-03-14","Russia"
98,"Kalinda","Fratczak",NULL,"Female","2022-08-18","Sweden"
99,"Stephenie","Buer",NULL,"Female","2020-07-12","Indonesia"
100,"Korrie","Beran","kberan2t@biblegateway.com","Female","2007-07-13","Latvia"
101,"Kliment","Toffler",NULL,"Male","2022-09-30","China"
102,"Giacomo","Farfalameev","gfarfalameev2v@samsung.com","Male","2022-08-07","Honduras"
103,"Rickard","Paradis","rparadis2w@pagesperso-orange.fr","Male","2007-09-02","Philippines"
104,"Terrell","Heisham","theisham2y@geocities.com","Male","2017-08-07","French Polynesia"
105,"Griffin","Jamieson",NULL,"Male","2009-02-26","China"
106,"Meredeth","Aspinall","maspinall30@apache.org","Male","2016-02-16","Japan"
107,"Blythe","Sisland",NULL,"Female","2006-02-05","Finland"
108,"Hartwell","Hale","hhale32@cyberchimps.com","Male","2013-05-11","Russia"
109,"Trix","Carolan","tcarolan33@salon.com","Female","2011-05-22","Canada"
110,"Rip","Frazier","rfrazier34@seattletimes.com","Male","2003-12-25","Indonesia"
111,"Xenia","Elcoate","xelcoate35@admin.ch","Female","2005-07-20","Czech Republic"
112,"Fredericka","Jellett","fjellett36@berkeley.edu","Female","2007-05-12","Indonesia"
113,"Terese","Mollen","tmollen37@earthlink.net","Female","2020-09-29","Philippines"
114,"Nonie","Roches","nroches38@ocn.ne.jp","Female","2024-01-23","Indonesia"
115,"Daveta","Gash",NULL,"Female","2019-12-11","China"
116,"Salvatore","Gebby","sgebby3a@instagram.com","Male","2003-04-10","China"
117,"Claude","Revie","crevie3b@hubpages.com","Female","2023-01-10","Indonesia"
118,"Arie","Hazeup",NULL,"Male","2013-08-03","China"
119,"Wendall","Addison","waddison3d@princeton.edu","Male","2015-03-11","Peru"
120,"Wandie","Pecha","wpecha3e@tuttocitta.it","Female","2001-06-20","Guinea"
121,"Bartolemo","Lundbech","blundbech3f@mozilla.com","Male","2005-12-21","United States"
122,"Mignonne","Sherry","msherry3g@google.com.hk","Female","2023-02-28","Latvia"
123,"Kassi","Abrahmson","kabrahmson3h@nasa.gov","Female","2000-10-09","China"
124,"Ralf","Trubshawe",NULL,"Male","2023-05-30","Colombia"
125,"Jed","Fludder","jfludder3j@lycos.com","Male","2008-11-14","Colombia"
126,"Ronald","Flahive","rflahive3k@about.com","Male","2007-06-17","Bangladesh"
127,"Dalli","Coysh","dcoysh3l@slideshare.net","Male","2007-02-04","Spain"
128,"Vasilis","Derby","vderby3m@ocn.ne.jp","Male","2007-11-02","Poland"
129,"Hestia","Poyzer","hpoyzer3n@cam.ac.uk","Female","2022-05-08","Sudan"
130,"Lelia","Klement","lklement3o@yelp.com","Female","2013-10-20","China"
131,"Ephrayim","Cortese","ecortese3p@ezinearticles.com","Male","2016-07-23","France"
132,"Mendy","Messager","mmessager3q@soup.io","Male","2010-02-02","Serbia"
133,"Valdemar","Gemmell","vgemmell3r@npr.org","Male","2004-11-26","China"
134,"Paulina","Hinchshaw",NULL,"Female","2011-08-31","Japan"
135,"Ingrid","Wellard","iwellard3t@angelfire.com","Female","2018-11-30","Tanzania"
136,"Dusty","Wilcinskis","dwilcinskis3u@uiuc.edu","Female","2010-12-16","Indonesia"
137,"Vikky","Woodington","vwoodington3v@mail.ru","Female","2001-06-01","Indonesia"
138,"Vere","Pryke","vpryke3w@netlog.com","Female","2020-04-29","Indonesia"
139,"Abran","Shrimptone","ashrimptone3x@mozilla.org","Male","2013-12-06","Russia"
140,"Jamey","Gudgen","jgudgen3y@wsj.com","Male","2024-06-28","China"
141,"Marlon","Banasiak","mbanasiak3z@blogger.com","Male","2003-10-30","Lithuania"
142,"Austen","Wenham","awenham41@alexa.com","Male","2004-07-27","Portugal"
143,"Deloris","Lougheid","dlougheid42@foxnews.com","Female","2004-01-16","Serbia"
144,"Lauretta","Elderkin","lelderkin43@telegraph.co.uk","Female","2013-02-10","Indonesia"
145,"Shirleen","Denzey",NULL,"Female","2017-09-27","China"
146,"Cirilo","Darbyshire","cdarbyshire45@gmpg.org","Male","2022-01-20","China"
147,"Petra","Antowski","pantowski47@usatoday.com","Female","2002-10-26","Vietnam"
148,"Cristiano","Peasnone",NULL,"Male","2019-09-13","China"
149,"Tabbie","Biggen","tbiggen49@ezinearticles.com","Male","2012-07-28","Denmark"
150,"Brice","Glison","bglison4a@google.com","Male","2014-04-26","Russia"
151,"Adiana","Organer","aorganer4b@reuters.com","Female","2006-12-02","China"
152,"Layton","Eady","leady4c@economist.com","Male","2023-10-28","Indonesia"
153,"Isis","Fairhead",NULL,"Female","2023-09-06","Poland"
154,"Gaylord","Clow","gclow4e@slashdot.org","Male","2008-02-20","Brazil"
155,"Clarance","Baroux","cbaroux4f@sfgate.com","Male","2019-05-23","Nigeria"
156,"Rorke","Van Schafflaer","rvanschafflaer4g@amazonaws.com","Male","2022-03-15","Belarus"
157,"Martin","Weathey","mweathey4h@opensource.org","Male","2008-11-19","Mexico"
158,"Tiff","Ohms","tohms4i@tuttocitta.it","Female","2013-04-13","China"
159,"Jimmie","Mills","jmills4j@cbsnews.com","Male","2010-03-25","Russia"
160,"Yorgo","Gleadhell",NULL,"Male","2016-10-28","Honduras"
161,"Olivier","MacClinton",NULL,"Male","2004-05-07","Sweden"
162,"Carney","Wyndham","cwyndham4m@mozilla.org","Male","2018-04-30","Germany"
163,"Darbee","McSperron","dmcsperron4n@un.org","Male","2001-06-09","Portugal"
164,"Ludovika","Aucoate","laucoate4o@chicagotribune.com","Female","2007-11-03","Brazil"
165,"Lianna","Whifen",NULL,"Female","2004-09-21","Philippines"
166,"Rebekah","Peggram","rpeggram4q@slate.com","Female","2005-07-10","Indonesia"
167,"Kara-lynn","Trevett","ktrevett4r@odnoklassniki.ru","Female","2018-05-18","Armenia"
168,"Rufus","Pesselt",NULL,"Male","2010-07-30","Indonesia"
169,"Angelico","Blackmore",NULL,"Male","2014-05-05","Indonesia"
170,"Rick","Perrot","rperrot4u@instagram.com","Male","2009-09-13","Brazil"
171,"Kayla","Fleischmann","kfleischmann4v@miibeian.gov.cn","Female","2016-08-23","Czech Republic"
172,"Jacques","Axe","jaxe4w@miibeian.gov.cn","Male","2012-12-18","Albania"
173,"Kristos","Speir",NULL,"Male","2011-12-08","French Polynesia"
174,"Merell","Joubert","mjoubert4y@lulu.com","Male","2000-08-26","Armenia"
175,"Bessy","Irlam",NULL,"Female","2002-08-12","Indonesia"
176,"Ermengarde","O'Shiel","eoshiel50@newsvine.com","Female","2003-08-12","United States"
177,"Dennie","Galliford",NULL,"Male","2015-05-14","Poland"
178,"Trescha","Kofax","tkofax52@posterous.com","Female","2014-12-08","Russia"
179,"Jeana","Gooderick",NULL,"Female","2006-06-28","Nigeria"
180,"Yard","Simco","ysimco54@t-online.de","Male","2005-03-19","Indonesia"
181,"Phil","Pendrid","ppendrid55@si.edu","Female","2022-05-13","China"
182,"Kimberley","Cometto","kcometto56@ehow.com","Female","2020-06-12","Israel"
183,"Brnaba","Boog","bboog57@prweb.com","Male","2022-07-21","Brazil"
184,"Salvatore","Westmore","swestmore58@cafepress.com","Male","2017-01-13","China"
185,"Morganica","McDunlevy","mmcdunlevy59@unesco.org","Female","2000-08-25","Indonesia"
186,"Keefer","Tomczynski",NULL,"Male","2014-04-27","China"
187,"Aluino","Bearcock","abearcock5b@google.ca","Male","2015-03-20","Indonesia"
188,"Krista","Froment","kfroment5c@vk.com","Female","2006-08-10","Argentina"
189,"Petronille","Nozzolii","pnozzolii5d@usgs.gov","Female","2024-03-07","Sweden"
190,"Christalle","Korfmann","ckorfmann5e@creativecommons.org","Female","2001-08-12","Philippines"
191,"Rosa","Caurah","rcaurah5f@tiny.cc","Female","2019-08-11","Tanzania"
192,"Rodolph","Eglinton","reglinton5g@sbwire.com","Male","2021-08-12","Indonesia"
193,"Chloris","Pennick","cpennick5h@macromedia.com","Female","2011-01-06","Thailand"
194,"Jesselyn","Thickin",NULL,"Male","2008-05-10","United States"
195,"Kata","Hamsson","khamsson5j@wiley.com","Female","2001-11-28","China"
196,"Valentia","Martinat","vmartinat5k@domainmarket.com","Female","2000-11-04","Chad"
197,"Raleigh","Tolcharde","rtolcharde5l@sogou.com","Male","2010-12-12","Vietnam"
198,"Christal","Cubberley","ccubberley5m@ycombinator.com","Female","2007-11-10","Indonesia"
199,"Andros","Northover",NULL,"Male","2020-05-16","Brazil"
200,"Laurena","Stoaks","lstoaks5o@ustream.tv","Female","2005-03-02","Grenada"
201,"Malynda","Critoph","mcritoph5p@blogtalkradio.com","Female","2014-02-14","United States"
202,"Claudian","Richemond",NULL,"Male","2011-05-07","Russia"
203,"Becca","Lakeland","blakeland5r@foxnews.com","Female","2024-04-26","Qatar"
204,"Konrad","Luisetti",NULL,"Male","2015-01-22","Ethiopia"
205,"Tedi","Wadlow","twadlow5t@tripod.com","Female","2016-12-14","Indonesia"
206,"Gallard","Nizard",NULL,"Male","2013-05-23","Cameroon"
207,"Cairistiona","Costar","ccostar5v@feedburner.com","Female","2010-09-05","Brazil"
208,"Saunder","Urwen","surwen5w@yandex.ru","Male","2013-01-30","Central African Republic"
209,"Ansel","Merfin","amerfin5x@naver.com","Male","2013-03-05","Czech Republic"
210,"Lian","Grouvel","lgrouvel5y@rakuten.co.jp","Female","2010-12-12","Indonesia"
211,"Bathsheba","Mackett","bmackett5z@dmoz.org","Female","2006-09-27","Iran"
212,"Dasya","Jills","djills60@naver.com","Female","2018-05-17","Belarus"
213,"Alejoa","Strotone","astrotone61@arizona.edu","Male","2013-05-02","Morocco"
214,"Mackenzie","Canete",NULL,"Male","2002-04-24","Poland"
215,"Leigh","Leatherborrow","lleatherborrow63@guardian.co.uk","Male","2016-06-14","Greece"
216,"Jeanette","Pickvance","jpickvance64@cpanel.net","Female","2010-02-28","United States"
217,"Dionis","Guilloton",NULL,"Female","2000-05-24","Palestinian Territory"
218,"Suzanna","Jelfs","sjelfs67@devhub.com","Female","2015-06-08","Russia"
219,"Charmaine","Bolzmann","cbolzmann68@skyrock.com","Female","2008-12-21","Russia"
220,"Earlie","Osgar","eosgar69@marriott.com","Male","2003-12-14","Philippines"
221,"Donall","Gilleson","dgilleson6a@wix.com","Male","2017-03-06","Brazil"
222,"Trula","Wheatley","twheatley6b@nationalgeographic.com","Female","2021-12-27","Portugal"
223,"Gregoire","Shiers","gshiers6c@theguardian.com","Male","2003-05-18","China"
224,"Augustine","Fargher","afargher6d@sbwire.com","Female","2006-03-03","Indonesia"
225,"Dina","Tousey",NULL,"Female","2022-01-10","Azerbaijan"
226,"Randene","Cunnington","rcunnington6f@wix.com","Female","2019-02-10","Indonesia"
227,"Nikolos","Halfacree","nhalfacree6h@lulu.com","Male","2002-11-24","Philippines"
228,"Emlen","Rosson","erosson6j@marriott.com","Male","2019-09-12","Macedonia"
229,"Toby","Ingree","tingree6k@nbcnews.com","Male","2001-10-22","Nicaragua"
230,"Salli","Struttman","sstruttman6l@addthis.com","Female","2013-03-05","Thailand"
231,"Hy","Frobisher","hfrobisher6m@virginia.edu","Male","2018-04-03","China"
232,"Anderea","Chenery","achenery6n@miitbeian.gov.cn","Female","2001-08-13","Ireland"
233,"Jaymie","Lyngsted",NULL,"Male","2019-10-28","Guatemala"
234,"Sarene","Deighton","sdeighton6p@vinaora.com","Female","2002-04-19","Indonesia"
235,"Marga","Crenage","mcrenage6q@spotify.com","Female","2002-01-14","Japan"
236,"Gwenora","Gold","ggold6r@theguardian.com","Female","2023-06-12","China"
237,"Bonni","Runacres","brunacres6s@npr.org","Female","2012-09-08","United States"
238,"Umberto","Hassewell","uhassewell6t@springer.com","Male","2022-07-27","Brazil"
239,"Sutherlan","Adriano",NULL,"Male","2022-02-01","Czech Republic"
240,"Tiffani","Goodanew",NULL,"Female","2006-02-18","China"
241,"Roselia","Piolli","rpiolli6w@tamu.edu","Female","2015-03-14","China"
242,"Shell","Pavkovic","spavkovic6x@t-online.de","Male","2006-01-16","Indonesia"
243,"Corrinne","Cowdery",NULL,"Female","2019-02-13","Madagascar"
244,"Meridel","Jecock","mjecock6z@sciencedirect.com","Female","2011-10-20","United States"
245,"Alfie","Maraga","amaraga70@dailymotion.com","Male","2012-09-19","Syria"
246,"Audre","Kiledal",NULL,"Female","2007-01-24","Hungary"
247,"Candice","Levi","clevi72@gravatar.com","Female","2019-03-10","Indonesia"
248,"Modesty","Schulkins","mschulkins73@addthis.com","Female","2024-04-23","Philippines"
249,"Roselle","Pyett","rpyett74@nymag.com","Female","2020-05-16","Japan"
250,"Tally","Westcarr","twestcarr75@tuttocitta.it","Female","2005-01-31","Poland"
251,"Nady","Goodlatt","ngoodlatt76@naver.com","Female","2020-08-26","China"
252,"Viva","Zanelli","vzanelli77@boston.com","Female","2006-01-19","Indonesia"
253,"Glad","Izhak","gizhak78@deliciousdays.com","Female","2003-02-13","Brazil"
254,"Ophelie","Embra","oembra79@storify.com","Female","2019-10-02","Russia"
255,"Madeleine","Prestner","mprestner7a@businesswire.com","Female","2018-09-28","Poland"
256,"Linea","Mate",NULL,"Female","2002-09-12","Russia"
257,"Jonathan","Dreigher","jdreigher7c@icio.us","Male","2001-12-07","Indonesia"
258,"Garrek","Gocher",NULL,"Male","2019-12-31","Poland"
259,"Norton","Laraway","nlaraway7e@pcworld.com","Male","2014-07-23","Malaysia"
260,"Wallie","Yendle","wyendle7f@ebay.co.uk","Female","2022-08-12","Malaysia"
261,"Danna","Pryell","dpryell7g@etsy.com","Female","2008-02-07","Central African Republic"
262,"Brunhilda","Ching",NULL,"Male","2017-09-28","Venezuela"
263,"Renate","Kobu","rkobu7i@rambler.ru","Female","2024-10-24","Albania"
264,"Shepherd","Bulbeck","sbulbeck7j@ezinearticles.com","Male","2004-10-14","China"
265,"Leonardo","Hurren","lhurren7k@mapy.cz","Male","2014-02-16","Norway"
266,"Neila","Klimshuk","nklimshuk7l@twitpic.com","Female","2018-04-17","Kyrgyzstan"
267,"Theresa","Stickells","tstickells7m@answers.com","Female","2005-02-28","Ukraine"
268,"Lenci","Barradell",NULL,"Male","2010-07-02","Indonesia"
269,"Ernest","Kingwell","ekingwell7o@skype.com","Male","2019-06-29","Mexico"
270,"Kassia","Karpf","kkarpf7p@oracle.com","Female","2016-05-27","Nigeria"
271,"Teri","Linck","tlinck7q@va.gov","Female","2017-11-14","Indonesia"
272,"Osmund","Pimme","opimme7r@geocities.com","Male","2006-11-15","China"
273,"Jerry","O'Dowgaine",NULL,"Male","2022-01-04","Palestinian Territory"
274,"Samaria","Ilyinykh","silyinykh7t@sogou.com","Female","2024-08-01","China"
275,"Octavius","April","oapril7u@domainmarket.com","Male","2010-04-04","Czech Republic"
276,"Cathy","Tetley","ctetley7w@unblog.fr","Female","2007-09-16","France"
277,"Felicia","Morden","fmorden7x@godaddy.com","Female","2024-02-21","Honduras"
278,"Tedd","Walthew",NULL,"Male","2001-07-17","Croatia"
279,"Taddeusz","Gulvin","tgulvin7z@surveymonkey.com","Male","2012-04-06","Indonesia"
280,"Lemar","Gonsalvo","lgonsalvo80@pinterest.com","Male","2002-09-15","Brazil"
281,"Mercy","MacCoughen",NULL,"Female","2020-07-25","China"
282,"Lib","Van Ross",NULL,"Female","2003-12-30","Argentina"
283,"Ettie","Georgot","egeorgot83@elpais.com","Female","2019-10-03","Mauritius"
284,"Gates","Fahrenbacher","gfahrenbacher84@irs.gov","Female","2001-03-08","Greece"
285,"Bel","Chapelhow","bchapelhow85@theatlantic.com","Female","2023-06-07","China"
286,"Elsie","McEntegart","emcentegart86@blogtalkradio.com","Female","2012-02-09","Libya"
287,"Raimund","Boich","rboich87@360.cn","Male","2010-05-31","Indonesia"
288,"Skipp","Bahl",NULL,"Male","2012-01-26","Brazil"
289,"Lawton","Ballard","lballard89@unc.edu","Male","2021-10-29","Mexico"
290,"Kimball","Ilyin","kilyin8a@discuz.net","Male","2015-04-12","Indonesia"
291,"Lothario","Orbine","lorbine8b@163.com","Male","2011-08-13","Portugal"
292,"Alexine","Kraut","akraut8c@usda.gov","Female","2023-01-08","Kenya"
293,"Hilario","Rentoul","hrentoul8d@posterous.com","Male","2016-07-06","South Korea"
294,"Gerard","Goldberg","ggoldberg8e@spiegel.de","Male","2001-07-09","Thailand"
295,"Tobe","Lampaert","tlampaert8f@ted.com","Female","2007-01-09","China"
296,"Jolene","Hartington","jhartington8g@geocities.com","Female","2014-08-19","Argentina"
297,"Stanly","Ivashchenko","sivashchenko8h@twitter.com","Male","2018-05-01","France"
298,"Krystal","Stalman","kstalman8i@mail.ru","Female","2003-06-07","Sweden"
299,"Pia","Boman","pboman8j@ted.com","Female","2018-10-29","Ukraine"
300,"Maridel","Purtell","muhammaddali#allalas.com","Female","2022-03-17","France"
301,"Tonya","Ysson",NULL,"Male","2011-10-31","Thailand"
302,"Blake","Glennard","bglennard8n@usa.gov","Female","2005-09-10","China"
303,"Jolyn","Saunier","jsaunier8o@mozilla.com","Female","2008-06-26","South Korea"
304,"Michel","Verheyden",NULL,"Male","2007-04-29","China"
305,"Sonni","Nary","snary8q@slashdot.org","Female","2008-05-17","France"
306,"Myles","Heyburn","mheyburn8r@sun.com","Male","2010-03-26","Indonesia"
307,"Petunia","Bixley","pbixley8s@yolasite.com","Female","2023-11-05","Serbia"
308,"Ginevra","Dyball","gdyball8t@parallels.com","Female","2022-09-06","Indonesia"
309,"Lonna","Drinkale",NULL,"Male","2001-01-09","Portugal"
310,"Tyrone","Gwinnel","tgwinnel8v@dailymotion.com","Male","2017-01-01","Sweden"
311,"Courtney","Spurnier","cspurnier8w@statcounter.com","Male","2014-05-10","China"
312,"Carce","Gaenor","cgaenor8x@drupal.org","Male","2017-06-09","Philippines"
313,"Gilburt","Maasze","gmaasze8y@home.pl","Male","2023-12-02","China"
314,"Hewitt","Jacobs",NULL,"Male","2001-04-30","Tajikistan"
315,"Dale","Egan","degan90@pcworld.com","Female","2010-06-11","Argentina"
316,"Julianne","Olyff","jolyff91@house.gov","Female","2011-10-28","Indonesia"
317,"Chloris","Jobling","cjobling92@nyu.edu","Female","2007-07-24","Iran"
318,"Loreen","Gillespie","lgillespie93@g.co","Female","2011-07-15","Kazakhstan"
319,"Clara","Laxton",NULL,"Female","2007-08-12","Palestinian Territory"
320,"Sander","Aronow","saronow95@deliciousdays.com","Male","2024-09-25","Czech Republic"
321,"Aaren","Salazar","asalazar98@wp.com","Female","2024-06-14","Greece"
322,"Wainwright","Raxworthy",NULL,"Male","2015-01-10","Spain"
323,"Marijn","Jeannel","mjeannel9a@spotify.com","Male","2008-09-06","Philippines"
324,"Hansiain","Whatmough","hwhatmough9b@linkedin.com","Male","2018-01-30","Portugal"
325,"Salaidh","Danilowicz","sdanilowicz9c@dyndns.org","Female","2023-10-16","Philippines"
326,"Lisabeth","O'Doohaine","lodoohaine9d@mac.com","Female","2005-01-15","Argentina"
327,"Barbabra","Batistelli","bbatistelli9e@technorati.com","Female","2002-06-06","China"
328,"Lorry","Bercevelo",NULL,"Female","2004-08-23","Benin"
329,"Danika","Durham","ddurham9g@gravatar.com","Female","2008-11-25","Chad"
330,"Rora","Wastall","rwastall9h@springer.com","Female","2016-02-04","Syria"
331,"Delmar","Twelvetrees","dtwelvetrees9i@marriott.com","Male","2003-03-13","Argentina"
332,"Terencio","Curds","tcurds9j@alexa.com","Male","2011-04-18","China"
333,"Early","Biaggetti","ebiaggetti9k@yelp.com","Male","2017-04-29","Russia"
334,"Miquela","Recher","mrecher9l@redcross.org","Female","2023-03-07","China"
335,"Bea","Kerfod","bkerfod9m@hao123.com","Male","2010-08-09","China"
336,"Kendre","Sharply","ksharply9n@mac.com","Female","2022-01-07","China"
337,"Audra","Gooke",NULL,"Female","2006-04-13","Senegal"
338,"Matthaeus","Ginley","mginley9p@godaddy.com","Male","2012-10-07","Ukraine"
339,"Dixie","Pickard","dpickard9q@example.com","Female","2007-01-23","United States"
340,"Drew","Menlow",NULL,"Male","2024-10-04","Portugal"
341,"Wilmar","Umbers","wumbers9s@sina.com.cn","Male","2000-02-13","Thailand"
342,"Rozelle","Darnbrough",NULL,"Female","2009-10-02","Colombia"
343,"Brandtr","Mattson","bmattson9v@pinterest.com","Male","2001-09-01","Pakistan"
344,"Marieann","Spickett","mspickett9w@howstuffworks.com","Female","2007-08-27","Ireland"
345,"Godart","Stockhill","gstockhill9x@jalbum.net","Male","2010-03-22","Tunisia"
346,"Madeline","Jecock","mjecock9y@ibm.com","Female","2000-09-30","Russia"
347,"Shelba","Lidgett","slidgett9z@netvibes.com","Female","2003-08-02","Indonesia"
348,"Dulcie","Benkin","dbenkina0@themeforest.net","Female","2009-02-03","Guatemala"
349,"Marcel","Faux","mfauxa1@about.com","Male","2011-04-12","Indonesia"
350,"Traver","Reinbeck","treinbecka2@fastcompany.com","Male","2017-10-15","Brazil"
351,"Anjanette","Yanukhin","ayanukhina3@biblegateway.com","Female","2012-09-29","Indonesia"
352,"Geno","Purkis",NULL,"Male","2015-09-13","Haiti"
353,"Gran","Sales","gsalesa5@yale.edu","Male","2019-03-07","China"
354,"Annalise","Taleworth","atalewortha6@disqus.com","Female","2007-03-31","Norway"
355,"Ralf","Janks","rjanksa7@vistaprint.com","Male","2024-03-18","China"
356,"Johnna","Myrkus","jmyrkusa8@google.fr","Female","2017-01-02","Madagascar"
357,"Odelia","Chaudron","ochaudrona9@army.mil","Female","2023-06-13","Russia"
358,"Currie","Goodspeed",NULL,"Male","2009-07-30","Bosnia and Herzegovina"
359,"Duffie","Bener","dbenerab@skype.com","Male","2001-11-19","China"
360,"Cindra","Hirtz","chirtzac@blogspot.com","Female","2009-10-18","China"
361,"Arni","Franz-Schoninger","afranzschoningerad@ameblo.jp","Male","2019-04-24","Indonesia"
362,"Allis","Alabaster","aalabasterae@nsw.gov.au","Female","2023-09-18","Sweden"
363,"Debra","Cockarill","dcockarillaf@altervista.org","Female","2009-06-26","Russia"
364,"Isaac","Sandy",NULL,"Male","2020-04-17","Indonesia"
365,"Seana","Hartegan","sharteganai@house.gov","Female","2004-08-23","Indonesia"
366,"Ardyth","Welburn","awelburnaj@nhs.uk","Female","2001-04-25","Portugal"
367,"Nealon","Prendergast",NULL,"Male","2005-09-17","Malaysia"
368,"Gabrielle","Chiles","gchilesal@bizjournals.com","Female","2010-06-13","China"
369,"Gabi","Barkhouse","gbarkhouseam@soup.io","Male","2003-04-16","China"
370,"Ariel","Koubu","akoubuan@mozilla.org","Female","2009-10-12","Turkmenistan"
371,"Cassy","Blackstone","cblackstoneao@ehow.com","Female","2019-04-09","Brazil"
372,"Ardys","Belhome","abelhomeap@narod.ru","Female","2017-09-28","Ireland"
373,"Martie","Claybourne","mclaybourneaq@samsung.com","Female","2009-07-14","Luxembourg"
374,"Chev","Cossons","ccossonsas@theatlantic.com","Male","2001-06-20","Indonesia"
375,"Vaughan","Kording","vkordingat@theglobeandmail.com","Male","2011-05-02","Russia"
376,"Marcella","Lunny","mlunnyau@usda.gov","Female","2000-07-19","Peru"
377,"Leandra","Duckwith","lduckwithav@behance.net","Female","2018-11-30","Colombia"
378,"Ingamar","MacCrann","imaccrannaw@jigsy.com","Male","2022-05-05","Indonesia"
379,"Feliks","Every","feveryax@zdnet.com","Male","2023-09-10","China"
380,"Rogerio","Ioannidis","rioannidisay@livejournal.com","Male","2024-07-05","Portugal"
381,"Tove","Sherebrook","tsherebrookaz@symantec.com","Female","2006-09-19","Yemen"
382,"Darsey","Kneller","dknellerb0@drupal.org","Female","2020-09-03","China"
383,"Bartholomeo","Ham","bhamb1@gravatar.com","Male","2004-01-26","Indonesia"
384,"Lyman","McPhelimy","lmcphelimyb2@usgs.gov","Male","2021-04-20","China"
385,"Quill","Borborough","qborboroughb3@behance.net","Male","2013-06-03","China"
386,"Sissie","La Vigne","slavigneb4@gnu.org","Female","2021-03-05","China"
387,"Ugo","Loakes",NULL,"Male","2018-06-02","Colombia"
388,"Sydel","Alleway","sallewayb6@geocities.com","Female","2016-04-20","Indonesia"
389,"Ozzie","Conan",NULL,"Male","2003-07-23","Norway"
390,"Koo","Mayler",NULL,"Female","2012-05-31","Japan"
391,"Baryram","Corrie","bcorrieba@slate.com","Male","2012-09-17","Lebanon"
392,"Alvie","Vance",NULL,"Male","2008-10-09","Japan"
393,"King","Bollon","kbollonbc@purevolume.com","Male","2007-02-18","Belarus"
394,"Barclay","Mumbray",NULL,"Male","2022-04-15","Iran"
395,"Louis","Danelutti","ldaneluttibe@privacy.gov.au","Male","2011-03-05","Jordan"
396,"Ashlen","Kruszelnicki","akruszelnickibf@timesonline.co.uk","Female","2022-05-27","Nigeria"
397,"Melodie","Irving","mirvingbg@edublogs.org","Female","2021-11-21","Indonesia"
398,"Aland","Hupka",NULL,"Male","2008-12-28","China"
399,"Vladamir","Trustey","vtrusteybi@rambler.ru","Male","2017-09-04","Lesotho"
400,"Ruperta","Brandt","rbrandtbj@baidu.com","Female","2005-06-15","Indonesia"
401,"Maureene","cornhill","mcornhillbk@icq.com","Female","2012-11-15","Hungary"
402,"Jermayne","Kiebes","jkiebesbl@newsvine.com","Male","2022-08-13","Indonesia"
403,"Cedric","Cogin","ccoginbm@java.com","Male","2014-05-30","Indonesia"
404,"Dorelle","Loveridge","dloveridgebn@paginegialle.it","Female","2012-12-27","Kosovo"
405,"Kizzee","Arrandale","karrandalebo@com.com","Female","2015-09-11","Russia"
406,"Gizela","Milroy","gmilroybp@nhs.uk","Female","2013-02-23","China"
407,"Arnaldo","Anthona","aanthonabq@telegraph.co.uk","Male","2024-04-05","Canada"
408,"Jule","Rissen",NULL,"Male","2008-08-14","Lithuania"
409,"Rora","Caps","rcapsbs@mediafire.com","Female","2016-11-22","Egypt"
410,"Cullan","Bracknall","cbracknallbt@mac.com","Male","2020-07-24","Colombia"
411,"Aurelea","Mingaye","amingayebu@marketwatch.com","Male","2014-07-25","Mongolia"
412,"Val","Dahlman","vdahlmanbw@canalblog.com","Male","2006-11-09","Greece"
413,"Carleton","Tidbury","ctidburybx@furl.net","Male","2014-02-28","China"
414,"Jeniffer","Giacubo","jgiacuboby@ask.com","Female","2023-08-09","Czech Republic"
415,"Malachi","Folling","mfollingbz@nature.com","Male","2003-06-29","Guatemala"
416,"Lance","Levesque",NULL,"Male","2020-11-25","Philippines"
417,"Maritsa","Yosifov","myosifovc1@ustream.tv","Male","2003-03-02","South Africa"
418,"Kath","Whitford",NULL,"Male","2005-08-17","China"
419,"Fidole","Buttner","fbuttnerc3@weather.com","Male","2020-11-19","Czech Republic"
420,"Brandie","Whittlesey","bwhittleseyc4@ihg.com","Female","2009-11-19","Estonia"
421,"Shaun","Roots","srootsc5@home.pl","Male","2002-03-13","Serbia"
422,"Natividad","Armstead","narmsteadc6@over-blog.com","Female","2000-02-23","Poland"
423,"Sibilla","Etherington",NULL,"Female","2006-08-24","Belarus"
424,"Lita","Tomasi","ltomasic8@goo.gl","Female","2016-03-20","Finland"
425,"Dionis","Goodwell","dgoodwellc9@wix.com","Female","2017-06-26","Peru"
426,"Kaia","Thynne","kthynneca@4shared.com","Female","2023-01-29","Philippines"
427,"Sloan","Monard","smonardcb@newyorker.com","Male","2006-04-26","Russia"
428,"Corny","Thorouggood","cthorouggoodcc@nydailynews.com","Male","2020-06-01","United States"
429,"Courtney","Dewhirst","cdewhirstcd@businesswire.com","Female","2003-07-02","Japan"
430,"Suzanna","Stivens","sstivensce@aboutads.info","Female","2022-11-14","Mexico"
431,"Barby","Derricoat","bderricoatcf@friendfeed.com","Female","2021-11-10","Colombia"
432,"Alvira","Elders","aelderscg@google.com.hk","Female","2003-11-05","Poland"
433,"Danya","Silber",NULL,"Male","2004-06-25","Iran"
434,"Adlai","Shoobridge","ashoobridgeci@elegantthemes.com","Male","2023-04-01","Dominican Republic"
435,"Jimmy","Burchfield","jburchfieldcj@symantec.com","Male","2022-01-06","China"
436,"Gayle","Kleinerman",NULL,"Female","2024-05-16","Russia"
437,"Giorgi","Howes","ghowescl@livejournal.com","Male","2017-01-09","Poland"
438,"Gilbert","Loudian","gloudiancm@alibaba.com","Male","2014-11-18","Russia"
439,"Mahmud","Knighton","mknightoncn@sun.com","Male","2012-02-29","Sweden"
440,"Gil","Barkly","gbarklyco@usa.gov","Male","2016-09-01","Bosnia and Herzegovina"
441,"Kesley","McGilroy","kmcgilroycp@psu.edu","Female","2013-03-21","France"
442,"Kimbra","Greenhow","kgreenhowcq@google.it","Female","2016-01-02","France"
443,"Spencer","Armell","sarmellcr@webeden.co.uk","Male","2014-08-03","Brazil"
444,"Robinet","Tommei",NULL,"Male","2015-04-30","China"
445,"Georgina","Romaint","gromaintct@time.com","Female","2021-01-20","Indonesia"
446,"Fitz","Bartlomiej",NULL,"Male","2021-02-23","France"
447,"Lola","Spirritt","lspirrittcv@freewebs.com","Female","2014-01-06","China"
448,"Orson","Sired",NULL,"Male","2012-06-06","Canada"
449,"Franny","Pretsell",NULL,"Male","2006-06-15","China"
450,"Blondelle","Hallin",NULL,"Female","2001-05-03","South Korea"
451,"Jerald","Walcar",NULL,"Male","2020-02-13","Philippines"
452,"Jeni","Blackmoor","jblackmoord0@mayoclinic.com","Female","2010-01-29","Philippines"
453,"Gilly","Brockherst","gbrockherstd1@mac.com","Female","2017-12-16","Greece"
454,"Windham","Lauga","wlaugad2@jigsy.com","Male","2024-01-27","North Korea"
455,"Tabbatha","Spencook","tspencookd3@chicagotribune.com","Female","2023-01-10","China"
456,"Barnaby","Ballance","bballanced4@live.com","Male","2011-10-02","China"
457,"Rutter","Jenkison","rjenkisond5@stumbleupon.com","Male","2021-07-24","China"
458,"Maxwell","Godbold","mgodboldd6@cloudflare.com","Male","2008-04-10","Libya"
459,"Melany","Whyte","mwhyted7@nydailynews.com","Female","2014-04-20","France"
460,"Stefanie","Schollar","sschollard8@forbes.com","Male","2023-07-18","Indonesia"
461,"Jamaal","Worley",NULL,"Male","2007-04-02","United States"
462,"Rochella","Prahm","rprahmda@friendfeed.com","Female","2014-08-29","Guyana"
463,"Humberto","Chislett","hchislettdb@hp.com","Male","2022-04-23","Greece"
464,"Sabina","Davidov","sdavidovdc@infoseek.co.jp","Female","2014-01-22","Indonesia"
465,"Erika","Feaveer","efeaveerdd@uiuc.edu","Female","2001-10-29","Trinidad and Tobago"
466,"Son","Barnewell",NULL,"Male","2005-02-15","Sweden"
467,"Jermaine","Dorrington","jdorringtondf@geocities.jp","Male","2023-01-08","Philippines"
468,"Emmy","Smails","esmailsdg@sphinn.com","Male","2012-03-22","Brazil"
469,"Knox","Reboulet","krebouletdh@privacy.gov.au","Male","2020-06-07","China"
470,"Brana","Baude","bbaudedi@tmall.com","Female","2003-11-11","Indonesia"
471,"Maddy","Saffell","msaffelldj@sun.com","Male","2010-10-23","China"
472,"Jenine","Leuchars",NULL,"Female","2006-01-14","Czech Republic"
473,"Edd","Robelow","erobelowdl@seesaa.net","Male","2018-12-13","Macedonia"
474,"Harlie","Featley","hfeatleydm@mit.edu","Female","2003-01-29","China"
475,"Abbe","Renzo",NULL,"Female","2016-03-17","China"
476,"Birk","Spenley","bspenleydo@weather.com","Male","2003-12-11","Brazil"
477,"Randa","Ivkovic","rivkovicdp@elegantthemes.com","Male","2009-10-15","Russia"
478,"Corny","McAlindon","cmcalindondq@hatena.ne.jp","Male","2023-01-20","Madagascar"
479,"Freddie","Bouller","fboullerdr@ebay.co.uk","Female","2009-11-20","Armenia"
480,"Gregoire","Hinsche","ghinscheds@mac.com","Male","2007-06-07","Thailand"
481,"Berthe","Ciementini","bciementinidt@go.com","Female","2016-04-05","China"
482,"Cameron","Enns",NULL,"Male","2001-08-10","Poland"
483,"Bidget","Sturm","bsturmdv@jimdo.com","Male","2010-11-10","United States"
